"","id","speaker_id","utterance_order","transcript_id","corpus_id","gloss","num_tokens","stem","part_of_speech","speaker_code","speaker_name","speaker_role","target_child_id","target_child_age","target_child_name","target_child_sex","type","media_end","media_start","media_unit","collection_id","collection_name","num_morphemes","language","corpus_name"
"1",1804214,3502,1,5263,48,"now the last thing we have you guys do together is kind of fun",14,"now the last thing we have you guy do together be kind of fun","adv det:art adj n pro:sub v pro:per n v adv aux adj prep n","INV","Ellen","Investigator",3276,107.790714388386,NA,"female","declarative",NA,NA,NA,3,"Eng-NA",16,"eng","HSLLD"
"2",1804258,3502,2,5263,48,"and you may remember it from when we visited you back when you were in like kindergarten or when you were like five years old",25,"and you may remember it from when we visit you back when you be in like kindergarten or when you be like five year old","coord pro:per mod v pro:per prep adv:int pro:sub v pro:per adv conj pro:per cop prep co n coord conj pro:per cop co det:num n adj","INV","Ellen","Investigator",3276,107.790714388386,NA,"female","declarative",NA,NA,NA,3,"Eng-NA",29,"eng","HSLLD"
"3",1804326,3502,3,5263,48,"we brought these things with you for you guys to play with",12,"we bring these thing for you guy to play with","pro:sub v pro:dem n prep pro:per n prep n prep","INV","Ellen","Investigator",3276,107.790714388386,NA,"female","declarative",NA,NA,NA,3,"Eng-NA",13,"eng","HSLLD"
"4",1804361,3502,4,5263,48,"I'm gonna video tape your hands if that's okay",9,"I gonna video tape your hand if that okay","pro:sub mod:aux n v det:poss n conj pro:dem co","INV","Ellen","Investigator",3276,107.790714388386,NA,"female","declarative",NA,NA,NA,3,"Eng-NA",12,"eng","HSLLD"
"5",1804383,3278,5,5263,48,"video tape",2,"video tape","n n","MOT",NA,"Mother",3276,107.790714388386,NA,"female","question",NA,NA,NA,3,"Eng-NA",2,"eng","HSLLD"
"6",1804394,3502,6,5263,48,"oh lala",2,"oh lala","co wplay","INV","Ellen","Investigator",3276,107.790714388386,NA,"female","declarative",NA,NA,NA,3,"Eng-NA",2,"eng","HSLLD"
"7",1804411,3502,7,5263,48,"and I see you both have nice polish on so it'll look good",13,"and I see you both have nice polish on so it look good","coord pro:sub v pro:per qn v adj n adv conj pro:per cop adj","INV","Ellen","Investigator",3276,107.790714388386,NA,"female","declarative",NA,NA,NA,3,"Eng-NA",14,"eng","HSLLD"
"8",1804485,3502,9,5263,48,"yeah",1,"yeah","co","INV","Ellen","Investigator",3276,107.790714388386,NA,"female","declarative",NA,NA,NA,3,"Eng-NA",1,"eng","HSLLD"
"9",1804490,3502,10,5263,48,"you must have know we were coming",7,"you must have know we be come","pro:per mod v v pro:sub aux part","INV","Ellen","Investigator",3276,107.790714388386,NA,"female","declarative",NA,NA,NA,3,"Eng-NA",9,"eng","HSLLD"
"10",1804536,3502,12,5263,48,"xxx here",2,"here","adv","INV","Ellen","Investigator",3276,107.790714388386,NA,"female","declarative",NA,NA,NA,3,"Eng-NA",1,"eng","HSLLD"
"11",1804546,3502,13,5263,48,"okey doke",2,"okey doke","wplay wplay","INV","Ellen","Investigator",3276,107.790714388386,NA,"female","declarative",NA,NA,NA,3,"Eng-NA",2,"eng","HSLLD"
"12",1804554,3502,14,5263,48,"xxx",1,"","","INV","Ellen","Investigator",3276,107.790714388386,NA,"female","declarative",NA,NA,NA,3,"Eng-NA",NA,"eng","HSLLD"
"13",1804560,3502,15,5263,48,"this stuff look familiar at all",6,"this stuff look familiar at all","pro:dem n v adj prep pro:indef","INV","Ellen","Investigator",3276,107.790714388386,NA,"female","question",NA,NA,NA,3,"Eng-NA",6,"eng","HSLLD"
"14",1804575,3278,16,5263,48,"I don't remember this",4,"I do remember this","pro:sub mod v pro:dem","MOT",NA,"Mother",3276,107.790714388386,NA,"female","declarative",NA,NA,NA,3,"Eng-NA",5,"eng","HSLLD"
"15",1804594,3502,17,5263,48,"you never did this",4,"you never do this","pro:per adv v pro:dem","INV","Ellen","Investigator",3276,107.790714388386,NA,"female","question",NA,NA,NA,3,"Eng-NA",5,"eng","HSLLD"
"16",1804607,3502,18,5263,48,"oh",1,"oh","co","INV","Ellen","Investigator",3276,107.790714388386,NA,"female","declarative",NA,NA,NA,3,"Eng-NA",1,"eng","HSLLD"
"17",1804615,3502,19,5263,48,"yeah",1,"yeah","co","INV","Ellen","Investigator",3276,107.790714388386,NA,"female","declarative",NA,NA,NA,3,"Eng-NA",1,"eng","HSLLD"
"18",1804623,3502,20,5263,48,"so with all this stuff we would like you guys to just play with for about ten minutes or so",20,"so with all this stuff we will like you guy to just play with for about ten minute or so","adv prep qn pro:dem n pro:sub mod v pro:per n prep adj n prep prep adv det:num n coord adv","INV","Ellen","Investigator",3276,107.790714388386,NA,"female","declarative",NA,NA,NA,3,"Eng-NA",23,"eng","HSLLD"
"19",1804675,3502,21,5263,48,"and we'll just happily video tape your hands",8,"and we just happy video tape your hand","coord pro:sub adv adv n n det:poss n","INV","Ellen","Investigator",3276,107.790714388386,NA,"female","declarative",NA,NA,NA,3,"Eng-NA",12,"eng","HSLLD"
"20",1804708,3278,22,5263,48,"",0,"","","MOT",NA,"Mother",3276,107.790714388386,NA,"female","declarative",NA,NA,NA,3,"Eng-NA",NA,"eng","HSLLD"
"21",1804716,3502,23,5263,48,"wait I got_to get it set up here",8,"wait I got_to get it set up here","v pro:sub mod:aux v pro:per v adv adv","INV","Ellen","Investigator",3276,107.790714388386,NA,"female","declarative",NA,NA,NA,3,"Eng-NA",9,"eng","HSLLD"
"22",1804739,3502,24,5263,48,"xxx",1,"","","INV","Ellen","Investigator",3276,107.790714388386,NA,"female","declarative",NA,NA,NA,3,"Eng-NA",NA,"eng","HSLLD"
"23",1804750,3502,25,5263,48,"you can take open this up too if you want",10,"you can open this up too if you want","pro:per mod v pro:dem adv adv conj pro:per v","INV","Ellen","Investigator",3276,107.790714388386,NA,"female","declarative",NA,NA,NA,3,"Eng-NA",9,"eng","HSLLD"
"24",1804810,3278,31,5263,48,"",0,"","","MOT",NA,"Mother",3276,107.790714388386,NA,"female","declarative",NA,NA,NA,3,"Eng-NA",NA,"eng","HSLLD"
"25",1804894,3502,36,5263,48,"I know",2,"I know","pro:sub v","INV","Ellen","Investigator",3276,107.790714388386,NA,"female","declarative",NA,NA,NA,3,"Eng-NA",2,"eng","HSLLD"
"26",1804969,3278,44,5263,48,"is this a magnet too",5,"be this a magnet too","cop pro:dem det:art n post","MOT",NA,"Mother",3276,107.790714388386,NA,"female","question",NA,NA,NA,3,"Eng-NA",6,"eng","HSLLD"
"27",1804987,3278,45,5263,48,"no I don't think it is",6,"no I do think it be","co pro:sub mod v pro:per cop","MOT",NA,"Mother",3276,107.790714388386,NA,"female","declarative",NA,NA,NA,3,"Eng-NA",8,"eng","HSLLD"
"28",1805023,3278,48,5263,48,"what are you doing",4,"what be you do","pro:int aux pro:per part","MOT",NA,"Mother",3276,107.790714388386,NA,"female","question",NA,NA,NA,3,"Eng-NA",6,"eng","HSLLD"
"29",1805041,3502,50,5263,48,"",0,"","","INV","Ellen","Investigator",3276,107.790714388386,NA,"female","declarative",NA,NA,NA,3,"Eng-NA",NA,"eng","HSLLD"
"30",1805060,3278,53,5263,48,"xxx put it with this",5,"put it with this","v pro:per prep pro:dem","MOT",NA,"Mother",3276,107.790714388386,NA,"female","declarative",NA,NA,NA,3,"Eng-NA",5,"eng","HSLLD"
"31",1805132,3278,58,5263,48,"it's a dog",3,"it a dog","pro:per det:art n","MOT",NA,"Mother",3276,107.790714388386,NA,"female","declarative",NA,NA,NA,3,"Eng-NA",4,"eng","HSLLD"
"32",1805187,3502,61,5263,48,"yeah I think it is made out of clay",9,"yeah I think it be make out of clay","co pro:sub v pro:per aux v adv prep n","INV","Ellen","Investigator",3276,107.790714388386,NA,"female","declarative",NA,NA,NA,3,"Eng-NA",11,"eng","HSLLD"
"33",1805238,3278,64,5263,48,"this don't stick",3,"this do stick","pro:dem mod v","MOT",NA,"Mother",3276,107.790714388386,NA,"female","declarative",NA,NA,NA,3,"Eng-NA",4,"eng","HSLLD"
"34",1805302,3278,69,5263,48,"",0,"","","MOT",NA,"Mother",3276,107.790714388386,NA,"female","declarative",NA,NA,NA,3,"Eng-NA",NA,"eng","HSLLD"
"35",1805368,3278,76,5263,48,"you are a goofball",4,"you be a goofball","pro:per cop det:art wplay","MOT",NA,"Mother",3276,107.790714388386,NA,"female","declarative",NA,NA,NA,3,"Eng-NA",5,"eng","HSLLD"
"36",1805476,3502,83,5263,48,"maybe we you know what",5,"maybe you know what","adv pro:per v pro:int","INV","Ellen","Investigator",3276,107.790714388386,NA,"female","question",NA,NA,NA,3,"Eng-NA",4,"eng","HSLLD"
"37",1805495,3502,84,5263,48,"you can when we're when I'm finished taping you guys you can you can still play with them",18,"when I finish tape you guy you can still play with them","conj pro:sub part part pro:per n pro:per mod adj n prep pro:obj","INV","Ellen","Investigator",3276,107.790714388386,NA,"female","declarative",NA,NA,NA,3,"Eng-NA",16,"eng","HSLLD"
"38",1805549,3502,86,5263,48,"um",1,"","","INV","Ellen","Investigator",3276,107.790714388386,NA,"female","declarative",NA,NA,NA,3,"Eng-NA",NA,"eng","HSLLD"
"39",1805582,3502,89,5263,48,"nah it's come off before",5,"nah it come off before","co pro:per v adv adv","INV","Ellen","Investigator",3276,107.790714388386,NA,"female","declarative",NA,NA,NA,3,"Eng-NA",6,"eng","HSLLD"
"40",1805608,3278,90,5263,48,"no it didn't",3,"no it do","co pro:per mod","MOT",NA,"Mother",3276,107.790714388386,NA,"female","declarative",NA,NA,NA,3,"Eng-NA",5,"eng","HSLLD"
"41",1805622,3278,91,5263,48,"it's all metal Chi",4,"it all metal Chi","pro:per qn n n:prop","MOT",NA,"Mother",3276,107.790714388386,NA,"female","declarative",NA,NA,NA,3,"Eng-NA",5,"eng","HSLLD"
"42",1805638,3278,92,5263,48,"it's a mirror",3,"it a mirror","pro:per det:art n","MOT",NA,"Mother",3276,107.790714388386,NA,"female","declarative",NA,NA,NA,3,"Eng-NA",4,"eng","HSLLD"
"43",1805661,3278,94,5263,48,"",0,"","","MOT",NA,"Mother",3276,107.790714388386,NA,"female","declarative",NA,NA,NA,3,"Eng-NA",NA,"eng","HSLLD"
"44",1805664,3278,95,5263,48,"jeez",1,"jeez","co","MOT",NA,"Mother",3276,107.790714388386,NA,"female","declarative",NA,NA,NA,3,"Eng-NA",1,"eng","HSLLD"
"45",1805679,3278,97,5263,48,"that's a pretty strong magnet",5,"that a pretty strong magnet","pro:dem det:art adj adj n","MOT",NA,"Mother",3276,107.790714388386,NA,"female","declarative",NA,NA,NA,3,"Eng-NA",6,"eng","HSLLD"
"46",1805822,3278,106,5263,48,"hockey",1,"hockey","n","MOT",NA,"Mother",3276,107.790714388386,NA,"female","question",NA,NA,NA,3,"Eng-NA",1,"eng","HSLLD"
"47",1805851,3278,108,5263,48,"hm",1,"hm","co","MOT",NA,"Mother",3276,107.790714388386,NA,"female","question",NA,NA,NA,3,"Eng-NA",1,"eng","HSLLD"
"48",1805890,3278,110,5263,48,"how come",2,"how come","adv:int v","MOT",NA,"Mother",3276,107.790714388386,NA,"female","question",NA,NA,NA,3,"Eng-NA",2,"eng","HSLLD"
"49",1805982,3278,117,5263,48,"",0,"","","MOT",NA,"Mother",3276,107.790714388386,NA,"female","declarative",NA,NA,NA,3,"Eng-NA",NA,"eng","HSLLD"
"50",1806006,3278,119,5263,48,"",0,"","","MOT",NA,"Mother",3276,107.790714388386,NA,"female","declarative",NA,NA,NA,3,"Eng-NA",NA,"eng","HSLLD"
"51",1806013,3502,120,5263,48,"hm",1,"hm","co","INV","Ellen","Investigator",3276,107.790714388386,NA,"female","declarative",NA,NA,NA,3,"Eng-NA",1,"eng","HSLLD"
"52",1806029,3278,122,5263,48,"",0,"","","MOT",NA,"Mother",3276,107.790714388386,NA,"female","declarative",NA,NA,NA,3,"Eng-NA",NA,"eng","HSLLD"
"53",1806055,3278,124,5263,48,"don't say gimme",3,"do say give me","mod v v pro:obj","MOT",NA,"Mother",3276,107.790714388386,NA,"female","declarative",NA,NA,NA,3,"Eng-NA",5,"eng","HSLLD"
"54",1806119,3278,127,5263,48,"oh this is a magnet",5,"oh this be a magnet","co pro:dem cop det:art n","MOT",NA,"Mother",3276,107.790714388386,NA,"female","declarative",NA,NA,NA,3,"Eng-NA",6,"eng","HSLLD"
"55",1806160,3278,129,5263,48,"then how come it doesn't stick to this",8,"then how come it do stick to this","adv:tem adv:int v pro:per mod v prep pro:dem","MOT",NA,"Mother",3276,107.790714388386,NA,"female","declarative",NA,NA,NA,3,"Eng-NA",10,"eng","HSLLD"
"56",1806198,3278,130,5263,48,"willn't stick to that",4,"will stick to that","mod v prep pro:dem","MOT",NA,"Mother",3276,107.790714388386,NA,"female","declarative",NA,NA,NA,3,"Eng-NA",5,"eng","HSLLD"
"57",1806399,3502,140,5263,48,"",0,"","","INV","Ellen","Investigator",3276,107.790714388386,NA,"female","declarative",NA,NA,NA,3,"Eng-NA",NA,"eng","HSLLD"
"58",1806406,3502,141,5263,48,"looks like it",3,"look like it","v prep pro:per","INV","Ellen","Investigator",3276,107.790714388386,NA,"female","declarative",NA,NA,NA,3,"Eng-NA",4,"eng","HSLLD"
"59",1806424,3278,142,5263,48,"xxx",1,"","","MOT",NA,"Mother",3276,107.790714388386,NA,"female","declarative",NA,NA,NA,3,"Eng-NA",NA,"eng","HSLLD"
"60",1806439,3502,144,5263,48,"",0,"","","INV","Ellen","Investigator",3276,107.790714388386,NA,"female","declarative",NA,NA,NA,3,"Eng-NA",NA,"eng","HSLLD"
"61",1806448,3278,145,5263,48,"don't put it in your mouth",6,"do put it in your mouth","mod v pro:per prep det:poss n","MOT",NA,"Mother",3276,107.790714388386,NA,"female","declarative",NA,NA,NA,3,"Eng-NA",8,"eng","HSLLD"
"62",1806519,3278,147,5263,48,"",0,"","","MOT",NA,"Mother",3276,107.790714388386,NA,"female","declarative",NA,NA,NA,3,"Eng-NA",NA,"eng","HSLLD"
"63",1806672,3502,155,5263,48,"still right on there",4,"still right on there","adv adv prep adv","INV","Ellen","Investigator",3276,107.790714388386,NA,"female","declarative",NA,NA,NA,3,"Eng-NA",4,"eng","HSLLD"
"64",1806700,3502,156,5263,48,"it's not even on you",5,"it not even on you","pro:per neg v prep pro:per","INV","Ellen","Investigator",3276,107.790714388386,NA,"female","declarative",NA,NA,NA,3,"Eng-NA",6,"eng","HSLLD"
"65",1806724,3278,157,5263,48,"you're such a goof Chi",5,"you such a goof Chi","pro:per qn det:art v n:prop","MOT",NA,"Mother",3276,107.790714388386,NA,"female","declarative",NA,NA,NA,3,"Eng-NA",6,"eng","HSLLD"
"66",1806755,3502,158,5263,48,"there we have your big face",6,"there we have your big face","adv pro:sub v det:poss adj n","INV","Ellen","Investigator",3276,107.790714388386,NA,"female","declarative",NA,NA,NA,3,"Eng-NA",6,"eng","HSLLD"
"67",1806866,3278,164,5263,48,"",0,"","","MOT",NA,"Mother",3276,107.790714388386,NA,"female","declarative",NA,NA,NA,3,"Eng-NA",NA,"eng","HSLLD"
"68",1806884,3278,166,5263,48,"I'm holding it for you",5,"I hold it for you","pro:sub part pro:per prep pro:per","MOT",NA,"Mother",3276,107.790714388386,NA,"female","declarative",NA,NA,NA,3,"Eng-NA",7,"eng","HSLLD"
"69",1807091,3502,177,5263,48,"",0,"","","INV","Ellen","Investigator",3276,107.790714388386,NA,"female","declarative",NA,NA,NA,3,"Eng-NA",NA,"eng","HSLLD"
"70",1807162,3278,181,5263,48,"huh",1,"huh","co","MOT",NA,"Mother",3276,107.790714388386,NA,"female","question",NA,NA,NA,3,"Eng-NA",1,"eng","HSLLD"
"71",1807263,3502,187,5263,48,"you should try it",4,"you should try it","pro:per mod v pro:per","INV","Ellen","Investigator",3276,107.790714388386,NA,"female","declarative",NA,NA,NA,3,"Eng-NA",4,"eng","HSLLD"
"72",1807305,3502,189,5263,48,"does it work",3,"do it work","mod pro:per v","INV","Ellen","Investigator",3276,107.790714388386,NA,"female","question",NA,NA,NA,3,"Eng-NA",4,"eng","HSLLD"
"73",1807330,3278,190,5263,48,"no",1,"no","co","MOT",NA,"Mother",3276,107.790714388386,NA,"female","declarative",NA,NA,NA,3,"Eng-NA",1,"eng","HSLLD"
"74",1807366,3278,192,5263,48,"no you'll rip the ear+ring out of my ear",9,"no you rip the out of my ear","co pro:per v det:art adv prep det:poss n","MOT",NA,"Mother",3276,107.790714388386,NA,"female","declarative",NA,NA,NA,3,"Eng-NA",9,"eng","HSLLD"
"75",1807446,3278,195,5263,48,"no",1,"no","co","MOT",NA,"Mother",3276,107.790714388386,NA,"female","declarative",NA,NA,NA,3,"Eng-NA",1,"eng","HSLLD"
"76",1807487,3502,197,5263,48,"here",1,"here","adv","INV","Ellen","Investigator",3276,107.790714388386,NA,"female","declarative",NA,NA,NA,3,"Eng-NA",1,"eng","HSLLD"
"77",1807501,3502,198,5263,48,"I'll give mine",3,"I give mine","pro:sub v pro:poss","INV","Ellen","Investigator",3276,107.790714388386,NA,"female","declarative",NA,NA,NA,3,"Eng-NA",4,"eng","HSLLD"
"78",1807575,3278,201,5263,48,"see it's not",3,"see it not","co pro:per neg","MOT",NA,"Mother",3276,107.790714388386,NA,"female","trail off",NA,NA,NA,3,"Eng-NA",4,"eng","HSLLD"
"79",1807590,3278,202,5263,48,"it's not it's not metal Chi see",7,"it not metal Chi see","pro:per neg n n:prop v","MOT",NA,"Mother",3276,107.790714388386,NA,"female","question",NA,NA,NA,3,"Eng-NA",6,"eng","HSLLD"
"80",1807623,3502,203,5263,48,"try this guy",3,"try this guy","v pro:dem n","INV","Ellen","Investigator",3276,107.790714388386,NA,"female","declarative",NA,NA,NA,3,"Eng-NA",3,"eng","HSLLD"
"81",1807645,3502,204,5263,48,"see if he holds",4,"see if he hold","v conj pro:sub v","INV","Ellen","Investigator",3276,107.790714388386,NA,"female","declarative",NA,NA,NA,3,"Eng-NA",5,"eng","HSLLD"
"82",1807680,3502,206,5263,48,"yeah",1,"yeah","co","INV","Ellen","Investigator",3276,107.790714388386,NA,"female","declarative",NA,NA,NA,3,"Eng-NA",1,"eng","HSLLD"
"83",1807707,3502,208,5263,48,"yeah",1,"yeah","co","INV","Ellen","Investigator",3276,107.790714388386,NA,"female","declarative",NA,NA,NA,3,"Eng-NA",1,"eng","HSLLD"
"84",1807716,3502,209,5263,48,"does it work",3,"do it work","mod pro:per v","INV","Ellen","Investigator",3276,107.790714388386,NA,"female","question",NA,NA,NA,3,"Eng-NA",4,"eng","HSLLD"
"85",1807737,3278,210,5263,48,"no",1,"no","co","MOT",NA,"Mother",3276,107.790714388386,NA,"female","declarative",NA,NA,NA,3,"Eng-NA",1,"eng","HSLLD"
"86",1807748,3278,211,5263,48,"must be pewter",3,"must be pewter","mod cop n","MOT",NA,"Mother",3276,107.790714388386,NA,"female","declarative",NA,NA,NA,3,"Eng-NA",3,"eng","HSLLD"
"87",1807783,3502,213,5263,48,"xxx",1,"","","INV","Ellen","Investigator",3276,107.790714388386,NA,"female","declarative",NA,NA,NA,3,"Eng-NA",NA,"eng","HSLLD"
"88",1807795,3502,214,5263,48,"",0,"","","INV","Ellen","Investigator",3276,107.790714388386,NA,"female","declarative",NA,NA,NA,3,"Eng-NA",NA,"eng","HSLLD"
"89",1807802,3278,215,5263,48,"",0,"","","MOT",NA,"Mother",3276,107.790714388386,NA,"female","declarative",NA,NA,NA,3,"Eng-NA",NA,"eng","HSLLD"
"90",1807810,3278,216,5263,48,"give it back to her before you break it",9,"give it back to her before you break it","v pro:per adv prep pro:obj prep pro:per v pro:per","MOT",NA,"Mother",3276,107.790714388386,NA,"female","declarative",NA,NA,NA,3,"Eng-NA",9,"eng","HSLLD"
"91",1807836,3502,217,5263,48,"yeah really",2,"yeah real","co adv","INV","Ellen","Investigator",3276,107.790714388386,NA,"female","declarative",NA,NA,NA,3,"Eng-NA",4,"eng","HSLLD"
"92",1807844,3502,218,5263,48,"",0,"","","INV","Ellen","Investigator",3276,107.790714388386,NA,"female","declarative",NA,NA,NA,3,"Eng-NA",NA,"eng","HSLLD"
"93",1807859,3278,220,5263,48,"yeah you'll be buying her another pair of ear+rings",9,"yeah you be buy her another pair of","co pro:per aux part pro:obj qn n prep","MOT",NA,"Mother",3276,107.790714388386,NA,"female","declarative",NA,NA,NA,3,"Eng-NA",10,"eng","HSLLD"
"94",1807909,3502,221,5263,48,"they they're actually very weak",5,"they actual very weak","pro:sub adv adv adj","INV","Ellen","Investigator",3276,107.790714388386,NA,"female","declarative",NA,NA,NA,3,"Eng-NA",7,"eng","HSLLD"
"95",1808035,3278,226,5263,48,"easy easy easy xxx",4,"ease ease ease","adj adj adj","MOT",NA,"Mother",3276,107.790714388386,NA,"female","declarative",NA,NA,NA,3,"Eng-NA",9,"eng","HSLLD"
"96",1808053,3502,227,5263,48,"oh excuse me",3,"oh excuse me","co v pro:obj","INV","Ellen","Investigator",3276,107.790714388386,NA,"female","declarative",NA,NA,NA,3,"Eng-NA",3,"eng","HSLLD"
"97",1808074,3502,228,5263,48,"I'm gonna move this back over here",7,"I gonna move this back over here","pro:sub mod:aux v pro:dem v adv adv","INV","Ellen","Investigator",3276,107.790714388386,NA,"female","declarative",NA,NA,NA,3,"Eng-NA",8,"eng","HSLLD"
"98",1808106,3502,229,5263,48,"blocking my view",3,"block my view","n:gerund det:poss n","INV","Ellen","Investigator",3276,107.790714388386,NA,"female","declarative",NA,NA,NA,3,"Eng-NA",4,"eng","HSLLD"
"99",1808125,3502,230,5263,48,"excuse me",2,"excuse me","v pro:obj","INV","Ellen","Investigator",3276,107.790714388386,NA,"female","declarative",NA,NA,NA,3,"Eng-NA",2,"eng","HSLLD"
"100",1808142,3278,231,5263,48,"see you just go like that",6,"see you just go like that","v pro:per adv v prep pro:dem","MOT",NA,"Mother",3276,107.790714388386,NA,"female","declarative",NA,NA,NA,3,"Eng-NA",6,"eng","HSLLD"
"101",1808309,3278,242,5263,48,"sorry",1,"sorry","co","MOT",NA,"Mother",3276,107.790714388386,NA,"female","declarative",NA,NA,NA,3,"Eng-NA",1,"eng","HSLLD"
"102",1808385,3278,247,5263,48,"I'm watching",2,"I watch","pro:sub part","MOT",NA,"Mother",3276,107.790714388386,NA,"female","declarative",NA,NA,NA,3,"Eng-NA",4,"eng","HSLLD"
"103",1808403,3502,249,5263,48,"oh",1,"oh","co","INV","Ellen","Investigator",3276,107.790714388386,NA,"female","declarative",NA,NA,NA,3,"Eng-NA",1,"eng","HSLLD"
"104",1808439,3502,251,5263,48,"I can see the objects",5,"I can see the object","pro:sub mod v det:art n","INV","Ellen","Investigator",3276,107.790714388386,NA,"female","declarative",NA,NA,NA,3,"Eng-NA",6,"eng","HSLLD"
"105",1808571,3278,260,5263,48,"I didn't do that",4,"I do do that","pro:sub mod v pro:dem","MOT",NA,"Mother",3276,107.790714388386,NA,"female","imperative_emphatic",NA,NA,NA,3,"Eng-NA",6,"eng","HSLLD"
"106",1808587,3278,261,5263,48,"you did mouth",3,"you do mouth","pro:per v n","MOT",NA,"Mother",3276,107.790714388386,NA,"female","imperative_emphatic",NA,NA,NA,3,"Eng-NA",4,"eng","HSLLD"
"107",1808627,3278,264,5263,48,"don't tell me knock it off",6,"do tell me knock it off","mod v pro:obj v pro:per adv","MOT",NA,"Mother",3276,107.790714388386,NA,"female","declarative",NA,NA,NA,3,"Eng-NA",7,"eng","HSLLD"
"108",1808649,3278,265,5263,48,"don't be fresh",3,"do be fresh","mod cop adj","MOT",NA,"Mother",3276,107.790714388386,NA,"female","declarative",NA,NA,NA,3,"Eng-NA",4,"eng","HSLLD"
"109",1808691,3278,267,5263,48,"I don't care",3,"I do care","pro:sub mod v","MOT",NA,"Mother",3276,107.790714388386,NA,"female","declarative",NA,NA,NA,3,"Eng-NA",4,"eng","HSLLD"
"110",1808709,3278,268,5263,48,"don't be fresh",3,"do be fresh","mod cop adj","MOT",NA,"Mother",3276,107.790714388386,NA,"female","declarative",NA,NA,NA,3,"Eng-NA",4,"eng","HSLLD"
"111",1808774,3278,272,5263,48,"it's not going to stay xxx",6,"it not go to stay","pro:per neg part inf cop","MOT",NA,"Mother",3276,107.790714388386,NA,"female","declarative",NA,NA,NA,3,"Eng-NA",7,"eng","HSLLD"
"112",1808802,3278,273,5263,48,"it's too heavy",3,"it too heavy","pro:per adv adj","MOT",NA,"Mother",3276,107.790714388386,NA,"female","declarative",NA,NA,NA,3,"Eng-NA",4,"eng","HSLLD"
"113",1808826,3278,274,5263,48,"it's too heavy",3,"it too heavy","pro:per adv adj","MOT",NA,"Mother",3276,107.790714388386,NA,"female","declarative",NA,NA,NA,3,"Eng-NA",4,"eng","HSLLD"
"114",1808853,3502,277,5263,48,"",0,"","","INV","Ellen","Investigator",3276,107.790714388386,NA,"female","declarative",NA,NA,NA,3,"Eng-NA",NA,"eng","HSLLD"
"115",1808963,3502,284,5263,48,"hey",1,"hey","co","INV","Ellen","Investigator",3276,107.790714388386,NA,"female","declarative",NA,NA,NA,3,"Eng-NA",1,"eng","HSLLD"
"116",1808992,3278,287,5263,48,"take it easy please",4,"take it ease please","v pro:per adj co","MOT",NA,"Mother",3276,107.790714388386,NA,"female","declarative",NA,NA,NA,3,"Eng-NA",6,"eng","HSLLD"
"117",1809026,3278,289,5263,48,"pick it up",3,"pick it up","v pro:per adv","MOT",NA,"Mother",3276,107.790714388386,NA,"female","declarative",NA,NA,NA,3,"Eng-NA",3,"eng","HSLLD"
"118",1809056,3502,291,5263,48,"hm",1,"hm","co","INV","Ellen","Investigator",3276,107.790714388386,NA,"female","declarative",NA,NA,NA,3,"Eng-NA",1,"eng","HSLLD"
"119",1809069,3502,292,5263,48,"oh no",2,"oh no","co co","INV","Ellen","Investigator",3276,107.790714388386,NA,"female","declarative",NA,NA,NA,3,"Eng-NA",2,"eng","HSLLD"
"120",1809074,3278,293,5263,48,"Chi do it on the table please",7,"Chi do it on the table please","n:prop v pro:per prep det:art n co","MOT",NA,"Mother",3276,107.790714388386,NA,"female","declarative",NA,NA,NA,3,"Eng-NA",7,"eng","HSLLD"
"121",1809175,3502,299,5263,48,"yeah",1,"yeah","co","INV","Ellen","Investigator",3276,107.790714388386,NA,"female","declarative",NA,NA,NA,3,"Eng-NA",1,"eng","HSLLD"
"122",1809185,3502,300,5263,48,"well you know what",4,"well you know what","co pro:per v pro:int","INV","Ellen","Investigator",3276,107.790714388386,NA,"female","question",NA,NA,NA,3,"Eng-NA",4,"eng","HSLLD"
"123",1809207,3502,301,5263,48,"we can on this note we can stop it and you can just keep playing how's that",17,"on this note we can stop it and you can just keep play how that","prep pro:dem n pro:sub mod v pro:per coord pro:per mod adv v n:gerund adv:int pro:dem","INV","Ellen","Investigator",3276,107.790714388386,NA,"female","question",NA,NA,NA,3,"Eng-NA",17,"eng","HSLLD"
"124",1809268,3278,302,5263,48,"did you get it",4,"do you get it","v pro:per v pro:per","MOT",NA,"Mother",3276,107.790714388386,NA,"female","question",NA,NA,NA,3,"Eng-NA",5,"eng","HSLLD"
"125",1809290,3278,303,5263,48,"what you dropped",3,"what you drop","pro:int pro:per v","MOT",NA,"Mother",3276,107.790714388386,NA,"female","question",NA,NA,NA,3,"Eng-NA",4,"eng","HSLLD"
"126",1809306,3502,304,5263,48,"we still got_to find",4,"we still got_to find","pro:sub adv mod:aux v","INV","Ellen","Investigator",3276,107.790714388386,NA,"female","trail off",NA,NA,NA,3,"Eng-NA",4,"eng","HSLLD"
"127",1809321,3278,305,5263,48,"get off the floor Chi",5,"get off the floor Chi","v prep det:art n n:prop","MOT",NA,"Mother",3276,107.790714388386,NA,"female","declarative",NA,NA,NA,3,"Eng-NA",5,"eng","HSLLD"
"128",1809341,3278,306,5263,48,"get off the floor Chi",5,"get off the floor Chi","v prep det:art n n:prop","MOT",NA,"Mother",3276,107.790714388386,NA,"female","imperative_emphatic",NA,NA,NA,3,"Eng-NA",5,"eng","HSLLD"
"129",1809388,3278,308,5263,48,"what are you looking for",5,"what be you look for","pro:int aux pro:per part prep","MOT",NA,"Mother",3276,107.790714388386,NA,"female","question",NA,NA,NA,3,"Eng-NA",7,"eng","HSLLD"
"130",1809421,3502,310,5263,48,"the orange ball with dots",5,"the orange ball with dot","det:art adj n prep n","INV","Ellen","Investigator",3276,107.790714388386,NA,"female","declarative",NA,NA,NA,3,"Eng-NA",6,"eng","HSLLD"
"131",1809432,3502,311,5263,48,"um orange ball",3,"orange ball","adj n","INV","Ellen","Investigator",3276,107.790714388386,NA,"female","declarative",NA,NA,NA,3,"Eng-NA",2,"eng","HSLLD"
"132",1809450,3278,312,5263,48,"oh here it is",4,"oh here it be","co adv pro:per cop","MOT",NA,"Mother",3276,107.790714388386,NA,"female","declarative",NA,NA,NA,3,"Eng-NA",5,"eng","HSLLD"
"133",1824593,3278,1,5318,48,"you want to read it aloud",6,"you want to read it aloud","pro:per v inf v pro:per adv","MOT",NA,"Mother",3276,107.790714388386,NA,"female","question",NA,NA,NA,3,"Eng-NA",7,"eng","HSLLD"
"134",1824619,3502,2,5318,48,"Dear Eric The Very Hungry Caterpillar is a fantastic book",10,"Dear Eric The Very Hungry Caterpillar be a fantastic book","n:prop n:prop n:prop n:prop n:prop n:prop cop det:art adj n","INV","Ellen","Investigator",3276,107.790714388386,NA,"female","declarative",NA,NA,NA,3,"Eng-NA",11,"eng","HSLLD"
"135",1824651,3502,3,5318,48,"Do you have any children",5,"Do you have any child","n:prop pro:per v qn n","INV","Ellen","Investigator",3276,107.790714388386,NA,"female","question",NA,NA,NA,3,"Eng-NA",6,"eng","HSLLD"
"136",1824668,3502,4,5318,48,"I read it a lot of times",7,"I read it a lot of time","pro:sub v pro:per det:art n prep n","INV","Ellen","Investigator",3276,107.790714388386,NA,"female","imperative_emphatic",NA,NA,NA,3,"Eng-NA",9,"eng","HSLLD"
"137",1824695,3502,5,5318,48,"I'm in third grade",4,"I in third grade","pro:sub prep n n","INV","Ellen","Investigator",3276,107.790714388386,NA,"female","declarative",NA,NA,NA,3,"Eng-NA",5,"eng","HSLLD"
"138",1824712,3502,6,5318,48,"Have you written any other books from Chi",8,"Have you write any other book from Chi","n:prop pro:per part qn qn n prep n:prop","INV","Ellen","Investigator",3276,107.790714388386,NA,"female","declarative",NA,NA,NA,3,"Eng-NA",10,"eng","HSLLD"
"139",1824752,3278,8,5318,48,"yeah so I would remember what it is about",9,"yeah so I will remember what it be about","co conj pro:sub mod v pro:int pro:per cop adv","MOT",NA,"Mother",3276,107.790714388386,NA,"female","declarative",NA,NA,NA,3,"Eng-NA",11,"eng","HSLLD"
"140",1824779,3502,9,5318,48,"",0,"","","INV","Ellen","Investigator",3276,107.790714388386,NA,"female","declarative",NA,NA,NA,3,"Eng-NA",NA,"eng","HSLLD"
"141",1824817,3278,12,5318,48,"mm",1,"mm","co","MOT",NA,"Mother",3276,107.790714388386,NA,"female","declarative",NA,NA,NA,3,"Eng-NA",1,"eng","HSLLD"
"142",1824866,3502,15,5318,48,"oh I was wondering what that was",7,"oh I be wonder what that be","co pro:sub aux part pro:int pro:dem cop","INV","Ellen","Investigator",3276,107.790714388386,NA,"female","declarative",NA,NA,NA,3,"Eng-NA",12,"eng","HSLLD"
"143",1824883,3502,16,5318,48,"sounded like a strange cat",5,"sound like a strange cat","part co det:art adj n","INV","Ellen","Investigator",3276,107.790714388386,NA,"female","declarative",NA,NA,NA,3,"Eng-NA",6,"eng","HSLLD"
"144",1824923,3502,18,5318,48,"no",1,"no","co","INV","Ellen","Investigator",3276,107.790714388386,NA,"female","declarative",NA,NA,NA,3,"Eng-NA",1,"eng","HSLLD"
"145",1824931,3502,19,5318,48,"you're allergic",2,"you allergic","pro:per adj","INV","Ellen","Investigator",3276,107.790714388386,NA,"female","question",NA,NA,NA,3,"Eng-NA",3,"eng","HSLLD"
"146",1824941,3502,20,5318,48,"oh that's xxx",3,"oh that","co pro:dem","INV","Ellen","Investigator",3276,107.790714388386,NA,"female","declarative",NA,NA,NA,3,"Eng-NA",3,"eng","HSLLD"
"147",1825162,3502,30,5318,48,"",0,"","","INV","Ellen","Investigator",3276,107.790714388386,NA,"female","declarative",NA,NA,NA,3,"Eng-NA",NA,"eng","HSLLD"
"148",1825346,3502,38,5318,48,"this little bite",3,"this little bite","pro:dem adj n","INV","Ellen","Investigator",3276,107.790714388386,NA,"female","question",NA,NA,NA,3,"Eng-NA",3,"eng","HSLLD"
"149",1825366,3502,39,5318,48,"pretty small guy",3,"pretty small guy","adv adj n","INV","Ellen","Investigator",3276,107.790714388386,NA,"female","declarative",NA,NA,NA,3,"Eng-NA",3,"eng","HSLLD"
"150",1825376,3278,40,5318,48,"xxx",1,"","","MOT",NA,"Mother",3276,107.790714388386,NA,"female","declarative",NA,NA,NA,3,"Eng-NA",NA,"eng","HSLLD"
"151",1825495,3502,46,5318,48,"",0,"","","INV","Ellen","Investigator",3276,107.790714388386,NA,"female","declarative",NA,NA,NA,3,"Eng-NA",NA,"eng","HSLLD"
"152",1825653,3502,55,5318,48,"yeah",1,"yeah","co","INV","Ellen","Investigator",3276,107.790714388386,NA,"female","declarative",NA,NA,NA,3,"Eng-NA",1,"eng","HSLLD"
"153",1825660,3502,56,5318,48,"they get to hear your nice reading",7,"they get to hear your nice read","pro:sub v inf v det:poss adj n:gerund","INV","Ellen","Investigator",3276,107.790714388386,NA,"female","declarative",NA,NA,NA,3,"Eng-NA",8,"eng","HSLLD"
"154",1825701,3278,58,5318,48,"now you have_to write a letter",6,"now you have_to write a letter","adv pro:per mod:aux v det:art n","MOT",NA,"Mother",3276,107.790714388386,NA,"female","declarative",NA,NA,NA,3,"Eng-NA",6,"eng","HSLLD"
"155",1825717,3502,59,5318,48,"thank you",2,"thank you","v pro:per","INV","Ellen","Investigator",3276,107.790714388386,NA,"female","declarative",NA,NA,NA,3,"Eng-NA",2,"eng","HSLLD"
"156",1825725,3278,60,5318,48,"what would you write on the letter in the letter to Eric Carle",13,"what will you write in the letter to Eric Carle","pro:int mod pro:per v prep det:art n prep n:prop n:prop","MOT",NA,"Mother",3276,107.790714388386,NA,"female","question",NA,NA,NA,3,"Eng-NA",11,"eng","HSLLD"
"157",1825778,3502,62,5318,48,"well you know what",4,"well you know what","co pro:per v pro:int","INV","Ellen","Investigator",3276,107.790714388386,NA,"female","question",NA,NA,NA,3,"Eng-NA",4,"eng","HSLLD"
"158",1825794,3502,63,5318,48,"we don't even have_to worry about it I mean we are not even bothering with drafts or anything because I mean it kind of takes too long you know",29,"we do even have_to worry about it I mean we be not even bother with draft or anything because I mean it kind of take too long you know","pro:sub mod adv mod:aux v prep pro:per pro:sub adj pro:sub cop neg adv part prep n coord pro:indef conj pro:sub v pro:per n prep v adv adj pro:per v","INV","Ellen","Investigator",3276,107.790714388386,NA,"female","declarative",NA,NA,NA,3,"Eng-NA",34,"eng","HSLLD"
"159",1825855,3278,64,5318,48,"xxx write dear Carle",4,"write dear Carle","v n n:prop","MOT",NA,"Mother",3276,107.790714388386,NA,"female","declarative",NA,NA,NA,3,"Eng-NA",3,"eng","HSLLD"
"160",1825865,3278,65,5318,48,"dear Eric I'm sorry",4,"dear Eric I sorry","adj n:prop pro:sub adj","MOT",NA,"Mother",3276,107.790714388386,NA,"female","declarative",NA,NA,NA,3,"Eng-NA",5,"eng","HSLLD"
"161",1825881,3502,66,5318,48,"",0,"","","INV","Ellen","Investigator",3276,107.790714388386,NA,"female","declarative",NA,NA,NA,3,"Eng-NA",NA,"eng","HSLLD"
"162",1825911,3502,68,5318,48,"uhhuh",1,"uhhuh","co","INV","Ellen","Investigator",3276,107.790714388386,NA,"female","declarative",NA,NA,NA,3,"Eng-NA",1,"eng","HSLLD"
"163",1825917,3502,69,5318,48,"in fact I found out",5,"in fact I find out","prep n pro:sub v adv","INV","Ellen","Investigator",3276,107.790714388386,NA,"female","self interruption",NA,NA,NA,3,"Eng-NA",6,"eng","HSLLD"
"164",1825930,3502,70,5318,48,"yeah",1,"yeah","co","INV","Ellen","Investigator",3276,107.790714388386,NA,"female","declarative",NA,NA,NA,3,"Eng-NA",1,"eng","HSLLD"
"165",1825937,3502,71,5318,48,"we have his address and then I found out somebody I know also does some some of his legal stuff so we really have a pipeline to him now",29,"we have his address and then I find out somebody I know also do some of his legal stuff so we real have a pipeline to him now","pro:sub v det:poss n coord adv:tem pro:sub v adv pro:indef pro:sub v adv v qn prep det:poss adj n co pro:sub adv v det:art n prep pro:obj adv","INV","Ellen","Investigator",3276,107.790714388386,NA,"female","declarative",NA,NA,NA,3,"Eng-NA",32,"eng","HSLLD"
"166",1825998,3278,72,5318,48,"",0,"","","MOT",NA,"Mother",3276,107.790714388386,NA,"female","declarative",NA,NA,NA,3,"Eng-NA",NA,"eng","HSLLD"
"167",1826003,3278,73,5318,48,"comma",1,"comma","n","MOT",NA,"Mother",3276,107.790714388386,NA,"female","declarative",NA,NA,NA,3,"Eng-NA",1,"eng","HSLLD"
"168",1826016,3278,75,5318,48,"you don't write a comma you write a comma after Eric",11,"you do write a comma you write a comma after Eric","pro:per mod v det:art n pro:per v det:art n prep meta","MOT",NA,"Mother",3276,107.790714388386,NA,"female","declarative",NA,NA,NA,3,"Eng-NA",12,"eng","HSLLD"
"169",1826053,3278,76,5318,48,"that's good",2,"that good","pro:dem adj","MOT",NA,"Mother",3276,107.790714388386,NA,"female","declarative",NA,NA,NA,3,"Eng-NA",3,"eng","HSLLD"
"170",1826065,3278,78,5318,48,"alright",1,"alright","co","MOT",NA,"Mother",3276,107.790714388386,NA,"female","declarative",NA,NA,NA,3,"Eng-NA",1,"eng","HSLLD"
"171",1826094,3278,81,5318,48,"what would you write",4,"what will you write","pro:int mod pro:per v","MOT",NA,"Mother",3276,107.790714388386,NA,"female","question",NA,NA,NA,3,"Eng-NA",5,"eng","HSLLD"
"172",1826131,3278,83,5318,48,"that's good",2,"that good","pro:dem adj","MOT",NA,"Mother",3276,107.790714388386,NA,"female","declarative",NA,NA,NA,3,"Eng-NA",3,"eng","HSLLD"
"173",1826164,3278,86,5318,48,"okay everything is in capitals",5,"okay everything be in capital","co pro:indef cop prep n","MOT",NA,"Mother",3276,107.790714388386,NA,"female","declarative",NA,NA,NA,3,"Eng-NA",7,"eng","HSLLD"
"174",1826183,3278,87,5318,48,"the first letters because the title of a book",9,"the first letter because the title of a book","det:art adj n conj det:art n prep det:art n","MOT",NA,"Mother",3276,107.790714388386,NA,"female","declarative",NA,NA,NA,3,"Eng-NA",10,"eng","HSLLD"
"175",1826211,3278,88,5318,48,"not not not that",4,"not that","neg pro:dem","MOT",NA,"Mother",3276,107.790714388386,NA,"female","declarative",NA,NA,NA,3,"Eng-NA",2,"eng","HSLLD"
"176",1826232,3278,90,5318,48,"the first letter",3,"the first letter","det:art adj n","MOT",NA,"Mother",3276,107.790714388386,NA,"female","declarative",NA,NA,NA,3,"Eng-NA",3,"eng","HSLLD"
"177",1826246,3278,91,5318,48,"this is just the way it is",7,"this be just the way it be","pro:dem cop adv det:art n pro:per cop","MOT",NA,"Mother",3276,107.790714388386,NA,"female","declarative",NA,NA,NA,3,"Eng-NA",9,"eng","HSLLD"
"178",1826262,3278,92,5318,48,"from here",2,"from here","prep adv","MOT",NA,"Mother",3276,107.790714388386,NA,"female","declarative",NA,NA,NA,3,"Eng-NA",2,"eng","HSLLD"
"179",1826273,3278,93,5318,48,"just the first letter is capital",6,"just the first letter be capital","adv det:art adj n cop adj","MOT",NA,"Mother",3276,107.790714388386,NA,"female","declarative",NA,NA,NA,3,"Eng-NA",7,"eng","HSLLD"
"180",1826325,3278,97,5318,48,"xxx",1,"","","MOT",NA,"Mother",3276,107.790714388386,NA,"female","declarative",NA,NA,NA,3,"Eng-NA",NA,"eng","HSLLD"
"181",1826330,3278,98,5318,48,"no",1,"no","co","MOT",NA,"Mother",3276,107.790714388386,NA,"female","declarative",NA,NA,NA,3,"Eng-NA",1,"eng","HSLLD"
"182",1826334,3278,99,5318,48,"is it capital or",4,"be it capital or","aux pro:per n coord","MOT",NA,"Mother",3276,107.790714388386,NA,"female","trail off",NA,NA,NA,3,"Eng-NA",5,"eng","HSLLD"
"183",1826346,3278,100,5318,48,"beginning of each word is capitalized",6,"beginning of each word be capitalize","n prep qn n aux part","MOT",NA,"Mother",3276,107.790714388386,NA,"female","declarative",NA,NA,NA,3,"Eng-NA",8,"eng","HSLLD"
"184",1826357,3278,101,5318,48,"you can leave it",4,"you can leave it","pro:per mod v pro:per","MOT",NA,"Mother",3276,107.790714388386,NA,"female","declarative",NA,NA,NA,3,"Eng-NA",4,"eng","HSLLD"
"185",1826364,3278,102,5318,48,"leave it leave it leave it",6,"leave it leave it leave it","v pro:per v pro:per v pro:per","MOT",NA,"Mother",3276,107.790714388386,NA,"female","declarative",NA,NA,NA,3,"Eng-NA",6,"eng","HSLLD"
"186",1826385,3502,104,5318,48,"",0,"","","INV","Ellen","Investigator",3276,107.790714388386,NA,"female","declarative",NA,NA,NA,3,"Eng-NA",NA,"eng","HSLLD"
"187",1826389,3278,105,5318,48,"then listen to what I said to you",8,"then listen to what I say to you","adv:tem v prep pro:int pro:sub v prep pro:per","MOT",NA,"Mother",3276,107.790714388386,NA,"female","declarative",NA,NA,NA,3,"Eng-NA",9,"eng","HSLLD"
"188",1826414,3278,106,5318,48,"hungry",1,"hungry","meta","MOT",NA,"Mother",3276,107.790714388386,NA,"female","declarative",NA,NA,NA,3,"Eng-NA",1,"eng","HSLLD"
"189",1826438,3278,109,5318,48,"right",1,"right","co","MOT",NA,"Mother",3276,107.790714388386,NA,"female","declarative",NA,NA,NA,3,"Eng-NA",1,"eng","HSLLD"
"190",1826443,3278,110,5318,48,"xxx to um",3,"to","inf","MOT",NA,"Mother",3276,107.790714388386,NA,"female","trail off",NA,NA,NA,3,"Eng-NA",1,"eng","HSLLD"
"191",1826452,3278,111,5318,48,"r p i l i",5,"r p i l i","n:let n:let n:let n:let n:let","MOT",NA,"Mother",3276,107.790714388386,NA,"female","declarative",NA,NA,NA,3,"Eng-NA",5,"eng","HSLLD"
"192",1826472,3278,113,5318,48,"no one l",3,"no one l","co det:num n:let","MOT",NA,"Mother",3276,107.790714388386,NA,"female","declarative",NA,NA,NA,3,"Eng-NA",3,"eng","HSLLD"
"193",1826480,3278,114,5318,48,"or two l",3,"or two l","coord det:num n:let","MOT",NA,"Mother",3276,107.790714388386,NA,"female","declarative",NA,NA,NA,3,"Eng-NA",3,"eng","HSLLD"
"194",1826490,3278,115,5318,48,"I'm sorry",2,"I sorry","pro:sub adj","MOT",NA,"Mother",3276,107.790714388386,NA,"female","declarative",NA,NA,NA,3,"Eng-NA",3,"eng","HSLLD"
"195",1826538,3278,120,5318,48,"no",1,"no","co","MOT",NA,"Mother",3276,107.790714388386,NA,"female","question",NA,NA,NA,3,"Eng-NA",1,"eng","HSLLD"
"196",1826542,3278,121,5318,48,"i",1,"i","n:let","MOT",NA,"Mother",3276,107.790714388386,NA,"female","declarative",NA,NA,NA,3,"Eng-NA",1,"eng","HSLLD"
"197",1826567,3502,124,5318,48,"",0,"","","INV","Ellen","Investigator",3276,107.790714388386,NA,"female","declarative",NA,NA,NA,3,"Eng-NA",NA,"eng","HSLLD"
"198",1826570,3278,125,5318,48,"f a n",3,"f a n","n:let n:let n:let","MOT",NA,"Mother",3276,107.790714388386,NA,"female","declarative",NA,NA,NA,3,"Eng-NA",3,"eng","HSLLD"
"199",1826577,3278,126,5318,48,"t a",2,"t a","n:let n:let","MOT",NA,"Mother",3276,107.790714388386,NA,"female","declarative",NA,NA,NA,3,"Eng-NA",2,"eng","HSLLD"
"200",1826594,3278,128,5318,48,"no finish writing this",4,"no finish write this","co v part pro:dem","MOT",NA,"Mother",3276,107.790714388386,NA,"female","declarative",NA,NA,NA,3,"Eng-NA",5,"eng","HSLLD"
"201",1826614,3278,130,5318,48,"s i c xxx",4,"s i c","n:let n:let n:let","MOT",NA,"Mother",3276,107.790714388386,NA,"female","declarative",NA,NA,NA,3,"Eng-NA",3,"eng","HSLLD"
"202",1826634,3278,132,5318,48,"no no no no",4,"no no no no","co co co co","MOT",NA,"Mother",3276,107.790714388386,NA,"female","imperative_emphatic",NA,NA,NA,3,"Eng-NA",4,"eng","HSLLD"
"203",1826642,3278,133,5318,48,"don't don't erase that whole word",6,"do erase that whole word","mod v pro:dem adj n","MOT",NA,"Mother",3276,107.790714388386,NA,"female","declarative",NA,NA,NA,3,"Eng-NA",6,"eng","HSLLD"
"204",1826660,3278,134,5318,48,"please Chi don't",3,"please Chi do","co n:prop mod","MOT",NA,"Mother",3276,107.790714388386,NA,"female","declarative",NA,NA,NA,3,"Eng-NA",4,"eng","HSLLD"
"205",1826676,3278,136,5318,48,"no",1,"no","co","MOT",NA,"Mother",3276,107.790714388386,NA,"female","declarative",NA,NA,NA,3,"Eng-NA",1,"eng","HSLLD"
"206",1826683,3278,137,5318,48,"v a n t a",5,"v a n t a","n:let n:let n:let n:let n:let","MOT",NA,"Mother",3276,107.790714388386,NA,"female","question",NA,NA,NA,3,"Eng-NA",5,"eng","HSLLD"
"207",1826709,3502,140,5318,48,"f",1,"f","n:let","INV","Ellen","Investigator",3276,107.790714388386,NA,"female","declarative",NA,NA,NA,3,"Eng-NA",1,"eng","HSLLD"
"208",1826716,3278,141,5318,48,"f a n t",4,"f a n t","n:let n:let n:let n:let","MOT",NA,"Mother",3276,107.790714388386,NA,"female","declarative",NA,NA,NA,3,"Eng-NA",4,"eng","HSLLD"
"209",1826731,3278,143,5318,48,"t a s c",4,"t a s c","n:let n:let n:let n:let","MOT",NA,"Mother",3276,107.790714388386,NA,"female","question",NA,NA,NA,3,"Eng-NA",4,"eng","HSLLD"
"210",1826746,3278,144,5318,48,"fantastic",1,"fantastic","meta","MOT",NA,"Mother",3276,107.790714388386,NA,"female","question",NA,NA,NA,3,"Eng-NA",1,"eng","HSLLD"
"211",1826750,3502,145,5318,48,"xxx",1,"","","INV","Ellen","Investigator",3276,107.790714388386,NA,"female","declarative",NA,NA,NA,3,"Eng-NA",NA,"eng","HSLLD"
"212",1826759,3502,147,5318,48,"xxx",1,"","","INV","Ellen","Investigator",3276,107.790714388386,NA,"female","declarative",NA,NA,NA,3,"Eng-NA",NA,"eng","HSLLD"
"213",1826775,3278,149,5318,48,"a",1,"a","n:let","MOT",NA,"Mother",3276,107.790714388386,NA,"female","declarative",NA,NA,NA,3,"Eng-NA",1,"eng","HSLLD"
"214",1826797,3278,151,5318,48,"what are you doing",4,"what be you do","pro:int aux pro:per part","MOT",NA,"Mother",3276,107.790714388386,NA,"female","question",NA,NA,NA,3,"Eng-NA",6,"eng","HSLLD"
"215",1826810,3278,152,5318,48,"what do you wanna look at",6,"what do you wanna look at","pro:int mod pro:per mod:aux v prep","MOT",NA,"Mother",3276,107.790714388386,NA,"female","question",NA,NA,NA,3,"Eng-NA",6,"eng","HSLLD"
"216",1826825,3278,153,5318,48,"what's",1,"what","pro:int","MOT",NA,"Mother",3276,107.790714388386,NA,"female","self interruption",NA,NA,NA,3,"Eng-NA",2,"eng","HSLLD"
"217",1826833,3278,154,5318,48,"what's the picture of",4,"what the picture of","pro:int det:art n prep","MOT",NA,"Mother",3276,107.790714388386,NA,"female","question",NA,NA,NA,3,"Eng-NA",5,"eng","HSLLD"
"218",1826855,3278,157,5318,48,"hm well we're writing a letter",6,"hm well we write a letter","co n pro:sub part det:art n","MOT",NA,"Mother",3276,107.790714388386,NA,"female","declarative",NA,NA,NA,3,"Eng-NA",8,"eng","HSLLD"
"219",1826885,3502,161,5318,48,"hm",1,"hm","co","INV","Ellen","Investigator",3276,107.790714388386,NA,"female","question",NA,NA,NA,3,"Eng-NA",1,"eng","HSLLD"
"220",1826892,3278,162,5318,48,"what",1,"what","pro:int","MOT",NA,"Mother",3276,107.790714388386,NA,"female","question",NA,NA,NA,3,"Eng-NA",1,"eng","HSLLD"
"221",1826902,3278,164,5318,48,"huh",1,"huh","co","MOT",NA,"Mother",3276,107.790714388386,NA,"female","question",NA,NA,NA,3,"Eng-NA",1,"eng","HSLLD"
"222",1826913,3278,166,5318,48,"what",1,"what","pro:int","MOT",NA,"Mother",3276,107.790714388386,NA,"female","question",NA,NA,NA,3,"Eng-NA",1,"eng","HSLLD"
"223",1826923,3278,168,5318,48,"what else would you write",5,"what else will you write","pro:int post mod pro:per v","MOT",NA,"Mother",3276,107.790714388386,NA,"female","question",NA,NA,NA,3,"Eng-NA",6,"eng","HSLLD"
"224",1826948,3278,170,5318,48,"you can ask him whatever you want",7,"you can ask him whatever you want","pro:per mod v pro:obj pro:int pro:per v","MOT",NA,"Mother",3276,107.790714388386,NA,"female","declarative",NA,NA,NA,3,"Eng-NA",7,"eng","HSLLD"
"225",1826962,3278,171,5318,48,"it's your letter",3,"it your letter","pro:per det:poss n","MOT",NA,"Mother",3276,107.790714388386,NA,"female","declarative",NA,NA,NA,3,"Eng-NA",4,"eng","HSLLD"
"226",1826976,3278,173,5318,48,"hm",1,"hm","co","MOT",NA,"Mother",3276,107.790714388386,NA,"female","question",NA,NA,NA,3,"Eng-NA",1,"eng","HSLLD"
"227",1826982,3278,174,5318,48,"don't whisper Chi that's rude",5,"do whisper Chi that rude","mod v n:prop pro:dem adj","MOT",NA,"Mother",3276,107.790714388386,NA,"female","declarative",NA,NA,NA,3,"Eng-NA",7,"eng","HSLLD"
"228",1826997,3278,175,5318,48,"that's very rude",3,"that very rude","pro:dem adv adj","MOT",NA,"Mother",3276,107.790714388386,NA,"female","declarative",NA,NA,NA,3,"Eng-NA",4,"eng","HSLLD"
"229",1827009,3278,176,5318,48,"sit down",2,"sit down","v adv","MOT",NA,"Mother",3276,107.790714388386,NA,"female","declarative",NA,NA,NA,3,"Eng-NA",2,"eng","HSLLD"
"230",1827020,3502,177,5318,48,"don't worry",2,"do worry","mod v","INV","Ellen","Investigator",3276,107.790714388386,NA,"female","declarative",NA,NA,NA,3,"Eng-NA",3,"eng","HSLLD"
"231",1827025,3502,178,5318,48,"it doesn't matter",3,"it do matter","pro:per mod v","INV","Ellen","Investigator",3276,107.790714388386,NA,"female","declarative",NA,NA,NA,3,"Eng-NA",5,"eng","HSLLD"
"232",1827034,3278,179,5318,48,"what",1,"what","pro:int","MOT",NA,"Mother",3276,107.790714388386,NA,"female","question",NA,NA,NA,3,"Eng-NA",1,"eng","HSLLD"
"233",1827050,3278,181,5318,48,"what",1,"what","pro:int","MOT",NA,"Mother",3276,107.790714388386,NA,"female","question",NA,NA,NA,3,"Eng-NA",1,"eng","HSLLD"
"234",1827058,3278,182,5318,48,"nothing is stupid what",4,"nothing be stupid what","pro:indef cop adj pro:int","MOT",NA,"Mother",3276,107.790714388386,NA,"female","question",NA,NA,NA,3,"Eng-NA",5,"eng","HSLLD"
"235",1827074,3502,183,5318,48,"you can ask him anything you want",7,"you can ask him anything you want","pro:per mod v pro:obj pro:indef pro:per v","INV","Ellen","Investigator",3276,107.790714388386,NA,"female","declarative",NA,NA,NA,3,"Eng-NA",7,"eng","HSLLD"
"236",1827096,3278,184,5318,48,"yeah anything",2,"yeah anything","co pro:indef","MOT",NA,"Mother",3276,107.790714388386,NA,"female","declarative",NA,NA,NA,3,"Eng-NA",2,"eng","HSLLD"
"237",1827130,3502,187,5318,48,"that's a good question",4,"that a good question","pro:dem det:art adj n","INV","Ellen","Investigator",3276,107.790714388386,NA,"female","declarative",NA,NA,NA,3,"Eng-NA",5,"eng","HSLLD"
"238",1827144,3278,188,5318,48,"that's fine",2,"that fine","pro:dem adj","MOT",NA,"Mother",3276,107.790714388386,NA,"female","declarative",NA,NA,NA,3,"Eng-NA",3,"eng","HSLLD"
"239",1827157,3502,189,5318,48,"I think it's nice to ask him a personal question",10,"I think it nice to ask him a personal question","pro:sub v pro:per adj inf v pro:obj det:art adj n","INV","Ellen","Investigator",3276,107.790714388386,NA,"female","declarative",NA,NA,NA,3,"Eng-NA",11,"eng","HSLLD"
"240",1827183,3502,190,5318,48,"who was he writing for",5,"who be he write for","pro:rel cop pro:sub part prep","INV","Ellen","Investigator",3276,107.790714388386,NA,"female","question",NA,NA,NA,3,"Eng-NA",8,"eng","HSLLD"
"241",1827195,3278,191,5318,48,"put your hand on the paper so it doesn't slide all over the place",14,"put your hand on the paper so it do slide all over the place","v det:poss n prep det:art n conj pro:per mod n adv prep det:art n","MOT",NA,"Mother",3276,107.790714388386,NA,"female","declarative",NA,NA,NA,3,"Eng-NA",17,"eng","HSLLD"
"242",1827232,3278,192,5318,48,"hold your hand on the paper",6,"hold your hand on the paper","v det:poss n prep det:art n","MOT",NA,"Mother",3276,107.790714388386,NA,"female","declarative",NA,NA,NA,3,"Eng-NA",6,"eng","HSLLD"
"243",1827248,3278,193,5318,48,"not your head",3,"not your head","neg det:poss n","MOT",NA,"Mother",3276,107.790714388386,NA,"female","imperative_emphatic",NA,NA,NA,3,"Eng-NA",3,"eng","HSLLD"
"244",1827264,3278,194,5318,48,"um no",2,"no","co","MOT",NA,"Mother",3276,107.790714388386,NA,"female","declarative",NA,NA,NA,3,"Eng-NA",1,"eng","HSLLD"
"245",1827276,3278,195,5318,48,"put it on a new line",6,"put it on a new line","v pro:per prep det:art adj n","MOT",NA,"Mother",3276,107.790714388386,NA,"female","declarative",NA,NA,NA,3,"Eng-NA",7,"eng","HSLLD"
"246",1827305,3278,197,5318,48,"question mark",2,"question mark","n n","MOT",NA,"Mother",3276,107.790714388386,NA,"female","declarative",NA,NA,NA,3,"Eng-NA",2,"eng","HSLLD"
"247",1827314,3502,198,5318,48,"well we'll send him our address",6,"well we send him our address","co pro:sub v pro:obj det:poss n","INV","Ellen","Investigator",3276,107.790714388386,NA,"female","declarative",NA,NA,NA,3,"Eng-NA",7,"eng","HSLLD"
"248",1827332,3502,199,5318,48,"and then xxx we have your addresses",7,"and then we have your address","coord adv:tem pro:sub v det:poss n","INV","Ellen","Investigator",3276,107.790714388386,NA,"female","declarative",NA,NA,NA,3,"Eng-NA",7,"eng","HSLLD"
"249",1827346,3278,200,5318,48,"xxx",1,"","","MOT",NA,"Mother",3276,107.790714388386,NA,"female","declarative",NA,NA,NA,3,"Eng-NA",NA,"eng","HSLLD"
"250",1827353,3278,201,5318,48,"what else",2,"what else","pro:int post","MOT",NA,"Mother",3276,107.790714388386,NA,"female","question",NA,NA,NA,3,"Eng-NA",2,"eng","HSLLD"
"251",1827373,3278,203,5318,48,"can write how many times you read the book",9,"can write how many time you read the book","mod v adv:int qn n pro:per v det:art n","MOT",NA,"Mother",3276,107.790714388386,NA,"female","declarative",NA,NA,NA,3,"Eng-NA",11,"eng","HSLLD"
"252",1827398,3502,204,5318,48,"",0,"","","INV","Ellen","Investigator",3276,107.790714388386,NA,"female","declarative",NA,NA,NA,3,"Eng-NA",NA,"eng","HSLLD"
"253",1827406,3278,205,5318,48,"I read your book a hundred times",7,"I read your book a hundred time","pro:sub v det:poss n det:art det:num n","MOT",NA,"Mother",3276,107.790714388386,NA,"female","declarative",NA,NA,NA,3,"Eng-NA",9,"eng","HSLLD"
"254",1827441,3502,207,5318,48,"close",1,"close","adj","INV","Ellen","Investigator",3276,107.790714388386,NA,"female","declarative",NA,NA,NA,3,"Eng-NA",1,"eng","HSLLD"
"255",1827449,3278,208,5318,48,"close",1,"close","adj","MOT",NA,"Mother",3276,107.790714388386,NA,"female","declarative",NA,NA,NA,3,"Eng-NA",1,"eng","HSLLD"
"256",1827485,3502,210,5318,48,"well what's another way of saying",6,"well what another way of say","co pro:int qn n prep n:gerund","INV","Ellen","Investigator",3276,107.790714388386,NA,"female","trail off",NA,NA,NA,3,"Eng-NA",8,"eng","HSLLD"
"257",1827520,3278,212,5318,48,"r e a d",4,"r e a d","n:let n:let n:let n:let","MOT",NA,"Mother",3276,107.790714388386,NA,"female","declarative",NA,NA,NA,3,"Eng-NA",4,"eng","HSLLD"
"258",1827545,3278,214,5318,48,"no that's read",3,"no that read","co pro:dem meta","MOT",NA,"Mother",3276,107.790714388386,NA,"female","declarative",NA,NA,NA,3,"Eng-NA",4,"eng","HSLLD"
"259",1827554,3502,215,5318,48,"it's both",2,"it both","pro:per post","INV","Ellen","Investigator",3276,107.790714388386,NA,"female","declarative",NA,NA,NA,3,"Eng-NA",3,"eng","HSLLD"
"260",1827561,3278,216,5318,48,"yeah",1,"yeah","co","MOT",NA,"Mother",3276,107.790714388386,NA,"female","declarative",NA,NA,NA,3,"Eng-NA",1,"eng","HSLLD"
"261",1827571,3278,217,5318,48,"xxx",1,"","","MOT",NA,"Mother",3276,107.790714388386,NA,"female","declarative",NA,NA,NA,3,"Eng-NA",NA,"eng","HSLLD"
"262",1827588,3278,219,5318,48,"say it two ways",4,"say it two way","v pro:per det:num n","MOT",NA,"Mother",3276,107.790714388386,NA,"female","declarative",NA,NA,NA,3,"Eng-NA",5,"eng","HSLLD"
"263",1827601,3502,220,5318,48,"two words",2,"two word","det:num n","INV","Ellen","Investigator",3276,107.790714388386,NA,"female","declarative",NA,NA,NA,3,"Eng-NA",3,"eng","HSLLD"
"264",1827623,3278,222,5318,48,"xxx",1,"","","MOT",NA,"Mother",3276,107.790714388386,NA,"female","declarative",NA,NA,NA,3,"Eng-NA",NA,"eng","HSLLD"
"265",1827641,3278,224,5318,48,"I read it a lot",5,"I read it a lot","pro:sub v pro:per det:art n","MOT",NA,"Mother",3276,107.790714388386,NA,"female","question",NA,NA,NA,3,"Eng-NA",6,"eng","HSLLD"
"266",1827658,3278,225,5318,48,"I read your book a lot it should have been but that's fine",13,"I read your book a lot it should have be but that fine","pro:sub v det:poss n det:art n pro:per mod aux aux conj pro:dem adj","MOT",NA,"Mother",3276,107.790714388386,NA,"female","declarative",NA,NA,NA,3,"Eng-NA",16,"eng","HSLLD"
"267",1827689,3278,226,5318,48,"that's fine that's fine",4,"that fine that fine","pro:dem adj pro:dem adj","MOT",NA,"Mother",3276,107.790714388386,NA,"female","imperative_emphatic",NA,NA,NA,3,"Eng-NA",6,"eng","HSLLD"
"268",1827722,3278,228,5318,48,"no no no",3,"no no no","co co co","MOT",NA,"Mother",3276,107.790714388386,NA,"female","declarative",NA,NA,NA,3,"Eng-NA",3,"eng","HSLLD"
"269",1827735,3278,230,5318,48,"no no no I read",5,"no no no I read","co co co pro:sub v","MOT",NA,"Mother",3276,107.790714388386,NA,"female","declarative",NA,NA,NA,3,"Eng-NA",6,"eng","HSLLD"
"270",1827779,3278,233,5318,48,"a lot of",3,"a lot of","det:art n prep","MOT",NA,"Mother",3276,107.790714388386,NA,"female","declarative",NA,NA,NA,3,"Eng-NA",3,"eng","HSLLD"
"271",1827793,3278,234,5318,48,"no don't",2,"no do","co mod","MOT",NA,"Mother",3276,107.790714388386,NA,"female","declarative",NA,NA,NA,3,"Eng-NA",3,"eng","HSLLD"
"272",1827806,3278,235,5318,48,"it will take too long to do",7,"it will take too long to do","pro:per mod v adv adj prep v","MOT",NA,"Mother",3276,107.790714388386,NA,"female","declarative",NA,NA,NA,3,"Eng-NA",7,"eng","HSLLD"
"273",1827834,3278,236,5318,48,"I don't think you're being funny",6,"I do think you be fun","pro:sub mod v pro:per part adj","MOT",NA,"Mother",3276,107.790714388386,NA,"female","declarative",NA,NA,NA,3,"Eng-NA",11,"eng","HSLLD"
"274",1827858,3278,237,5318,48,"come on of",3,"come on of","v prep meta","MOT",NA,"Mother",3276,107.790714388386,NA,"female","declarative",NA,NA,NA,3,"Eng-NA",3,"eng","HSLLD"
"275",1827876,3278,238,5318,48,"www excuse me",3,"excuse me","v pro:obj","MOT",NA,"Mother",3276,107.790714388386,NA,"female","declarative",NA,NA,NA,3,"Eng-NA",2,"eng","HSLLD"
"276",1827886,3278,239,5318,48,"",0,"","","MOT",NA,"Mother",3276,107.790714388386,NA,"female","declarative",NA,NA,NA,3,"Eng-NA",NA,"eng","HSLLD"
"277",1827930,3278,243,5318,48,"a lot of",3,"a lot of","det:art n prep","MOT",NA,"Mother",3276,107.790714388386,NA,"female","declarative",NA,NA,NA,3,"Eng-NA",3,"eng","HSLLD"
"278",1827944,3278,244,5318,48,"o f",2,"o f","n:let n:let","MOT",NA,"Mother",3276,107.790714388386,NA,"female","declarative",NA,NA,NA,3,"Eng-NA",2,"eng","HSLLD"
"279",1827950,3278,245,5318,48,"finish that",2,"finish that","v pro:dem","MOT",NA,"Mother",3276,107.790714388386,NA,"female","declarative",NA,NA,NA,3,"Eng-NA",2,"eng","HSLLD"
"280",1827963,3278,247,5318,48,"sure",1,"sure","adj","MOT",NA,"Mother",3276,107.790714388386,NA,"female","declarative",NA,NA,NA,3,"Eng-NA",1,"eng","HSLLD"
"281",1827981,3502,249,5318,48,"yeah that's true",3,"yeah that true","co pro:dem adj","INV","Ellen","Investigator",3276,107.790714388386,NA,"female","declarative",NA,NA,NA,3,"Eng-NA",4,"eng","HSLLD"
"282",1827992,3502,250,5318,48,"he'll know you must have read it a lot",9,"he know you must have read it a lot","pro:sub v pro:per mod v v pro:per det:art n","INV","Ellen","Investigator",3276,107.790714388386,NA,"female","imperative_emphatic",NA,NA,NA,3,"Eng-NA",11,"eng","HSLLD"
"283",1828010,3502,251,5318,48,"whatever you can end it there if you want",9,"whatever you can end it there if you want","pro:int pro:per mod v pro:per adv conj pro:per v","INV","Ellen","Investigator",3276,107.790714388386,NA,"female","declarative",NA,NA,NA,3,"Eng-NA",9,"eng","HSLLD"
"284",1828032,3502,252,5318,48,"doesn't have_to we give you a lot of lines more because some people write bigger then others",17,"we give you a lot of line because some person write big then others","pro:sub v pro:per det:art n prep n conj qn n v adj adv:tem n:pt","INV","Ellen","Investigator",3276,107.790714388386,NA,"female","declarative",NA,NA,NA,3,"Eng-NA",17,"eng","HSLLD"
"285",1828076,3278,255,5318,48,"that's fine and then you can end it if you want",11,"that fine and then you can end it if you want","pro:dem adj coord adv:tem pro:per mod v pro:per conj pro:per v","MOT",NA,"Mother",3276,107.790714388386,NA,"female","declarative",NA,NA,NA,3,"Eng-NA",12,"eng","HSLLD"
"286",1828102,3278,256,5318,48,"put your hand on the paper so it's not going all over the place",14,"put your hand on the paper so it not go all over the place","v det:poss n prep det:art n adv pro:per neg part adv prep det:art n","MOT",NA,"Mother",3276,107.790714388386,NA,"female","declarative",NA,NA,NA,3,"Eng-NA",17,"eng","HSLLD"
"287",1828150,3278,258,5318,48,"well think of something",4,"well think of something","co v prep pro:indef","MOT",NA,"Mother",3276,107.790714388386,NA,"female","declarative",NA,NA,NA,3,"Eng-NA",4,"eng","HSLLD"
"288",1828184,3278,260,5318,48,"good question",2,"good question","adj n","MOT",NA,"Mother",3276,107.790714388386,NA,"female","imperative_emphatic",NA,NA,NA,3,"Eng-NA",2,"eng","HSLLD"
"289",1828205,3278,263,5318,48,"what",1,"what","pro:int","MOT",NA,"Mother",3276,107.790714388386,NA,"female","question",NA,NA,NA,3,"Eng-NA",1,"eng","HSLLD"
"290",1828216,3278,265,5318,48,"one t",2,"one t","det:num meta","MOT",NA,"Mother",3276,107.790714388386,NA,"female","declarative",NA,NA,NA,3,"Eng-NA",2,"eng","HSLLD"
"291",1828229,3278,267,5318,48,"e r",2,"e r","n:let n:let","MOT",NA,"Mother",3276,107.790714388386,NA,"female","declarative",NA,NA,NA,3,"Eng-NA",2,"eng","HSLLD"
"292",1828244,3278,269,5318,48,"mhm",1,"yes","co","MOT",NA,"Mother",3276,107.790714388386,NA,"female","declarative",NA,NA,NA,3,"Eng-NA",1,"eng","HSLLD"
"293",1828254,3278,271,5318,48,"mhm",1,"yes","co","MOT",NA,"Mother",3276,107.790714388386,NA,"female","declarative",NA,NA,NA,3,"Eng-NA",1,"eng","HSLLD"
"294",1828264,3278,272,5318,48,"you wanna end it",4,"you wanna end it","pro:per mod:aux v pro:per","MOT",NA,"Mother",3276,107.790714388386,NA,"female","question",NA,NA,NA,3,"Eng-NA",4,"eng","HSLLD"
"295",1828286,3502,274,5318,48,"",0,"","","INV","Ellen","Investigator",3276,107.790714388386,NA,"female","declarative",NA,NA,NA,3,"Eng-NA",NA,"eng","HSLLD"
"296",1828289,3502,275,5318,48,"right you don't really know him",6,"right you do real know him","adv pro:per mod adv v pro:obj","INV","Ellen","Investigator",3276,107.790714388386,NA,"female","declarative",NA,NA,NA,3,"Eng-NA",9,"eng","HSLLD"
"297",1828302,3278,276,5318,48,"",0,"","","MOT",NA,"Mother",3276,107.790714388386,NA,"female","declarative",NA,NA,NA,3,"Eng-NA",NA,"eng","HSLLD"
"298",1828308,3278,278,5318,48,"Chi",1,"Chi","meta","MOT",NA,"Mother",3276,107.790714388386,NA,"female","declarative",NA,NA,NA,3,"Eng-NA",1,"eng","HSLLD"
"299",1828325,3278,280,5318,48,"it's your name",3,"it your name","pro:per det:poss n","MOT",NA,"Mother",3276,107.790714388386,NA,"female","declarative",NA,NA,NA,3,"Eng-NA",4,"eng","HSLLD"
"300",1828350,3278,283,5318,48,"a n",2,"a n","n:let n:let","MOT",NA,"Mother",3276,107.790714388386,NA,"female","self interruption",NA,NA,NA,3,"Eng-NA",2,"eng","HSLLD"
"301",1828355,3278,284,5318,48,"capital a",2,"capital a","adj n:let","MOT",NA,"Mother",3276,107.790714388386,NA,"female","declarative",NA,NA,NA,3,"Eng-NA",2,"eng","HSLLD"
"302",1828359,3278,285,5318,48,"n n",2,"n n","n:let n:let","MOT",NA,"Mother",3276,107.790714388386,NA,"female","declarative",NA,NA,NA,3,"Eng-NA",2,"eng","HSLLD"
"303",1828365,3502,286,5318,48,"xxx",1,"","","INV","Ellen","Investigator",3276,107.790714388386,NA,"female","declarative",NA,NA,NA,3,"Eng-NA",NA,"eng","HSLLD"
"304",1828378,3502,288,5318,48,"",0,"","","INV","Ellen","Investigator",3276,107.790714388386,NA,"female","declarative",NA,NA,NA,3,"Eng-NA",NA,"eng","HSLLD"
"305",1828382,3502,289,5318,48,"the world's famous small writer",5,"the world famous small write","det:art n adj adj n","INV","Ellen","Investigator",3276,107.790714388386,NA,"female","declarative",NA,NA,NA,3,"Eng-NA",8,"eng","HSLLD"
"306",1828397,3278,291,5318,48,"very good",2,"very good","adv adj","MOT",NA,"Mother",3276,107.790714388386,NA,"female","declarative",NA,NA,NA,3,"Eng-NA",2,"eng","HSLLD"
"307",1828404,3502,292,5318,48,"great",1,"great","adj","INV","Ellen","Investigator",3276,107.790714388386,NA,"female","declarative",NA,NA,NA,3,"Eng-NA",1,"eng","HSLLD"
"308",1828409,3278,293,5318,48,"it fits it fits",4,"it fit it fit","pro:per v pro:per v","MOT",NA,"Mother",3276,107.790714388386,NA,"female","declarative",NA,NA,NA,3,"Eng-NA",6,"eng","HSLLD"
"309",1828423,3278,294,5318,48,"that's fine",2,"that fine","pro:dem adj","MOT",NA,"Mother",3276,107.790714388386,NA,"female","declarative",NA,NA,NA,3,"Eng-NA",3,"eng","HSLLD"
"310",1828437,3278,296,5318,48,"yes",1,"yes","co","MOT",NA,"Mother",3276,107.790714388386,NA,"female","declarative",NA,NA,NA,3,"Eng-NA",1,"eng","HSLLD"
"311",1828443,3502,297,5318,48,"",0,"","","INV","Ellen","Investigator",3276,107.790714388386,NA,"female","declarative",NA,NA,NA,3,"Eng-NA",NA,"eng","HSLLD"
"312",1828448,3502,298,5318,48,"nice one",2,"nice one","adj pro:indef","INV","Ellen","Investigator",3276,107.790714388386,NA,"female","declarative",NA,NA,NA,3,"Eng-NA",2,"eng","HSLLD"
"313",1828454,3502,299,5318,48,"so that's nice",3,"so that nice","co pro:dem adj","INV","Ellen","Investigator",3276,107.790714388386,NA,"female","declarative",NA,NA,NA,3,"Eng-NA",4,"eng","HSLLD"
"314",1828470,3502,301,5318,48,"yeah",1,"yeah","co","INV","Ellen","Investigator",3276,107.790714388386,NA,"female","declarative",NA,NA,NA,3,"Eng-NA",1,"eng","HSLLD"
"315",1838851,3589,15,5415,48,"hi I'm doing this report xxx xxx",7,"hi I do this report","co pro:sub part pro:dem n","FRI","Laura","Family_Friend",3276,107.790714388386,NA,"female","declarative",NA,NA,NA,3,"Eng-NA",7,"eng","HSLLD"
"316",1838867,3589,16,5415,48,"we're gonna have a report typed",6,"we gonna have a report type","pro:sub mod:aux v det:art n v","FRI","Laura","Family_Friend",3276,107.790714388386,NA,"female","declarative",NA,NA,NA,3,"Eng-NA",8,"eng","HSLLD"
"317",1838885,3589,17,5415,48,"and that's my life",4,"and that my life","coord pro:dem det:poss n","FRI","Laura","Family_Friend",3276,107.790714388386,NA,"female","declarative",NA,NA,NA,3,"Eng-NA",5,"eng","HSLLD"
"318",1838928,3589,21,5415,48,"xxx is purple",3,"be purple","cop adj","FRI","Laura","Family_Friend",3276,107.790714388386,NA,"female","declarative",NA,NA,NA,3,"Eng-NA",3,"eng","HSLLD"
"319",1839003,3589,27,5415,48,"I don't like anyone",4,"I do like anyone","pro:sub mod v pro:indef","FRI","Laura","Family_Friend",3276,107.790714388386,NA,"female","declarative",NA,NA,NA,3,"Eng-NA",5,"eng","HSLLD"
"320",1839043,3589,30,5415,48,"xxx",1,"","","FRI","Laura","Family_Friend",3276,107.790714388386,NA,"female","declarative",NA,NA,NA,3,"Eng-NA",NA,"eng","HSLLD"
"321",1839058,3589,32,5415,48,"xxx xxx",2,"","","FRI","Laura","Family_Friend",3276,107.790714388386,NA,"female","declarative",NA,NA,NA,3,"Eng-NA",NA,"eng","HSLLD"
"322",1839072,3589,34,5415,48,"xxx",1,"","","FRI","Laura","Family_Friend",3276,107.790714388386,NA,"female","declarative",NA,NA,NA,3,"Eng-NA",NA,"eng","HSLLD"
"323",1839170,3589,43,5415,48,"what my favorite color is",5,"what my favorite color be","pro:int det:poss n n cop","FRI","Laura","Family_Friend",3276,107.790714388386,NA,"female","question",NA,NA,NA,3,"Eng-NA",6,"eng","HSLLD"
"324",1839189,3589,45,5415,48,"purple",1,"purple","adj","FRI","Laura","Family_Friend",3276,107.790714388386,NA,"female","imperative_emphatic",NA,NA,NA,3,"Eng-NA",1,"eng","HSLLD"
"325",1839207,3589,47,5415,48,"xxx",1,"","","FRI","Laura","Family_Friend",3276,107.790714388386,NA,"female","declarative",NA,NA,NA,3,"Eng-NA",NA,"eng","HSLLD"
"326",1839239,3589,51,5415,48,"macaroni and cheese",3,"macaroni and cheese","n coord n","FRI","Laura","Family_Friend",3276,107.790714388386,NA,"female","declarative",NA,NA,NA,3,"Eng-NA",3,"eng","HSLLD"
"327",1839274,3589,54,5415,48,"xxx",1,"","","FRI","Laura","Family_Friend",3276,107.790714388386,NA,"female","declarative",NA,NA,NA,3,"Eng-NA",NA,"eng","HSLLD"
"328",1839286,3589,56,5415,48,"my favorite what",3,"my favorite what","det:poss n pro:int","FRI","Laura","Family_Friend",3276,107.790714388386,NA,"female","question",NA,NA,NA,3,"Eng-NA",3,"eng","HSLLD"
"329",1839333,3589,60,5415,48,"xxx",1,"","","FRI","Laura","Family_Friend",3276,107.790714388386,NA,"female","declarative",NA,NA,NA,3,"Eng-NA",NA,"eng","HSLLD"
"330",1839703,3589,75,5415,48,"my favorite color",3,"my favorite color","det:poss n n","FRI","Laura","Family_Friend",3276,107.790714388386,NA,"female","question",NA,NA,NA,3,"Eng-NA",3,"eng","HSLLD"
"331",1839727,3589,77,5415,48,"xxx my favorite color one of them is black xxx xxx",11,"my favorite color one of them be black","det:poss n n pro:indef prep pro:obj aux n","FRI","Laura","Family_Friend",3276,107.790714388386,NA,"female","declarative",NA,NA,NA,3,"Eng-NA",9,"eng","HSLLD"
"332",1839779,3589,79,5415,48,"xxx xxx",2,"","","FRI","Laura","Family_Friend",3276,107.790714388386,NA,"female","declarative",NA,NA,NA,3,"Eng-NA",NA,"eng","HSLLD"
"333",1839808,3589,81,5415,48,"xxx",1,"","","FRI","Laura","Family_Friend",3276,107.790714388386,NA,"female","declarative",NA,NA,NA,3,"Eng-NA",NA,"eng","HSLLD"
"334",1839837,3589,83,5415,48,"my favorite food",3,"my favorite food","det:poss n n","FRI","Laura","Family_Friend",3276,107.790714388386,NA,"female","declarative",NA,NA,NA,3,"Eng-NA",3,"eng","HSLLD"
"335",1839854,3589,84,5415,48,"xxx xxx I have one favorite food",7,"I have one favorite food","pro:sub v det:num n n","FRI","Laura","Family_Friend",3276,107.790714388386,NA,"female","declarative",NA,NA,NA,3,"Eng-NA",5,"eng","HSLLD"
"336",1839877,3589,85,5415,48,"one of them is pizza",5,"one of them be pizza","det:num prep pro:obj aux n","FRI","Laura","Family_Friend",3276,107.790714388386,NA,"female","declarative",NA,NA,NA,3,"Eng-NA",6,"eng","HSLLD"
"337",1839909,3589,87,5415,48,"xxx",1,"","","FRI","Laura","Family_Friend",3276,107.790714388386,NA,"female","declarative",NA,NA,NA,3,"Eng-NA",NA,"eng","HSLLD"
"338",1839970,3589,92,5415,48,"xxx xxx",2,"","","FRI","Laura","Family_Friend",3276,107.790714388386,NA,"female","declarative",NA,NA,NA,3,"Eng-NA",NA,"eng","HSLLD"
"339",1840172,3589,104,5415,48,"I like Mark Paul Goosler xxx",6,"I like Mark Paul Goosler","pro:sub v n:prop n:prop n:prop","FRI","Laura","Family_Friend",3276,107.790714388386,NA,"female","declarative",NA,NA,NA,3,"Eng-NA",5,"eng","HSLLD"
"340",1840222,3589,106,5415,48,"from Saved By The Bell",5,"from Saved By The Bell","prep n:prop n:prop n:prop n:prop","FRI","Laura","Family_Friend",3276,107.790714388386,NA,"female","declarative",NA,NA,NA,3,"Eng-NA",5,"eng","HSLLD"
"341",1840354,3286,111,5415,48,"you off the phone yet",5,"you off the phone yet","pro:per prep det:art n adv","MOT",NA,"Grandmother",3276,107.790714388386,NA,"female","question",NA,NA,NA,3,"Eng-NA",5,"eng","HSLLD"
"342",1840375,3590,112,5415,48,"is xxx coming here",4,"be come here","aux part adv","COU","Krystal","Cousin",3276,107.790714388386,NA,"female","declarative",NA,NA,NA,3,"Eng-NA",5,"eng","HSLLD"
"343",1840393,3286,113,5415,48,"what did I say to you",6,"what do I say to you","pro:int mod pro:sub v prep pro:per","MOT",NA,"Grandmother",3276,107.790714388386,NA,"female","question",NA,NA,NA,3,"Eng-NA",7,"eng","HSLLD"
"344",1840419,3590,114,5415,48,"is xxx coming here",4,"be come here","aux part adv","COU","Krystal","Cousin",3276,107.790714388386,NA,"female","question",NA,NA,NA,3,"Eng-NA",5,"eng","HSLLD"
"345",1840430,3286,115,5415,48,"xxx need a headband you're gonna need gloves because it's cold out",12,"need a you gonna need glove because it cold out","v det:art pro:per mod:aux v n conj pro:per adv adv","MOT",NA,"Grandmother",3276,107.790714388386,NA,"female","declarative",NA,NA,NA,3,"Eng-NA",13,"eng","HSLLD"
"346",1840478,3286,116,5415,48,"for your ears",3,"for your ear","prep det:poss n","MOT",NA,"Grandmother",3276,107.790714388386,NA,"female","imperative_emphatic",NA,NA,NA,3,"Eng-NA",4,"eng","HSLLD"
"347",1840494,3286,117,5415,48,"where's the purse xxx",4,"where the purse","adv:int det:art n","MOT",NA,"Grandmother",3276,107.790714388386,NA,"female","declarative",NA,NA,NA,3,"Eng-NA",4,"eng","HSLLD"
"348",1840555,3286,121,5415,48,"you cannot stay on the phone with your mother",9,"you can stay on the phone with your mother","pro:per mod cop prep det:art n prep det:poss n","MOT",NA,"Grandmother",3276,107.790714388386,NA,"female","declarative",NA,NA,NA,3,"Eng-NA",10,"eng","HSLLD"
"349",1840585,3286,122,5415,48,"your mother is at work",5,"your mother be at work","det:poss n cop prep n","MOT",NA,"Grandmother",3276,107.790714388386,NA,"female","declarative",NA,NA,NA,3,"Eng-NA",6,"eng","HSLLD"
"350",1840610,3286,123,5415,48,"you want her to get in trouble and lose her job",11,"you want her to get in trouble and lose her job","pro:per v pro:obj inf v prep n coord v det:poss n","MOT",NA,"Grandmother",3276,107.790714388386,NA,"female","question",NA,NA,NA,3,"Eng-NA",11,"eng","HSLLD"
"351",1840664,3286,125,5415,48,"hey",1,"hey","co","MOT",NA,"Grandmother",3276,107.790714388386,NA,"female","imperative_emphatic",NA,NA,NA,3,"Eng-NA",1,"eng","HSLLD"
"352",1840671,3286,126,5415,48,"I just asked if you were still on the phone",10,"I just ask if you be still on the phone","pro:sub adv part conj pro:per cop adv prep det:art n","MOT",NA,"Grandmother",3276,107.790714388386,NA,"female","imperative_emphatic",NA,NA,NA,3,"Eng-NA",12,"eng","HSLLD"
"353",1840704,3286,127,5415,48,"I did not yell at you",6,"I do not yell at you","pro:sub mod neg v prep pro:per","MOT",NA,"Grandmother",3276,107.790714388386,NA,"female","imperative_emphatic",NA,NA,NA,3,"Eng-NA",7,"eng","HSLLD"
"354",1840744,3286,129,5415,48,"if I yelled at you you'd know it",8,"if I yell at you you know it","conj pro:sub v prep pro:per pro:per v pro:per","MOT",NA,"Grandmother",3276,107.790714388386,NA,"female","declarative",NA,NA,NA,3,"Eng-NA",10,"eng","HSLLD"
"355",1840802,3286,131,5415,48,"oh fine I yelled at you",6,"oh fine I yell at you","co n pro:sub v prep pro:per","MOT",NA,"Grandmother",3276,107.790714388386,NA,"female","declarative",NA,NA,NA,3,"Eng-NA",7,"eng","HSLLD"
"356",1840816,3286,132,5415,48,"xxx sorry I yelled at you",6,"sorry I yell at you","co pro:sub v prep pro:per","MOT",NA,"Grandmother",3276,107.790714388386,NA,"female","declarative",NA,NA,NA,3,"Eng-NA",6,"eng","HSLLD"
"357",1840839,3286,133,5415,48,"xxx",1,"","","MOT",NA,"Grandmother",3276,107.790714388386,NA,"female","declarative",NA,NA,NA,3,"Eng-NA",NA,"eng","HSLLD"
"358",1840867,3286,135,5415,48,"anyway I told you earlier today",6,"anyway I tell you early today","co pro:sub v pro:per adj adv:tem","MOT",NA,"Grandmother",3276,107.790714388386,NA,"female","declarative",NA,NA,NA,3,"Eng-NA",8,"eng","HSLLD"
"359",1840886,3286,136,5415,48,"every day somebody is not coming over",7,"every day somebody be not come over","qn n pro:indef aux neg part adv","MOT",NA,"Grandmother",3276,107.790714388386,NA,"female","declarative",NA,NA,NA,3,"Eng-NA",9,"eng","HSLLD"
"360",1840914,3286,137,5415,48,"and I'm xxx",3,"and I","coord pro:sub","MOT",NA,"Grandmother",3276,107.790714388386,NA,"female","interruption",NA,NA,NA,3,"Eng-NA",3,"eng","HSLLD"
"361",1840948,3286,139,5415,48,"and I had told you probably today my head is still sore",12,"and I have tell you probable today my head be still sore","coord pro:sub aux part pro:per adv adv:tem det:poss n cop adv adj","MOT",NA,"Grandmother",3276,107.790714388386,NA,"female","imperative_emphatic",NA,NA,NA,3,"Eng-NA",17,"eng","HSLLD"
"362",1840999,3286,140,5415,48,"my head feels like it's gonna explode",7,"my head feel like it gonna explode","det:poss n v co pro:per mod:aux v","MOT",NA,"Grandmother",3276,107.790714388386,NA,"female","imperative_emphatic",NA,NA,NA,3,"Eng-NA",9,"eng","HSLLD"
"363",1841048,3286,142,5415,48,"yes you do",3,"yes you do","co pro:per v","MOT",NA,"Grandmother",3276,107.790714388386,NA,"female","declarative",NA,NA,NA,3,"Eng-NA",3,"eng","HSLLD"
"364",1841068,3286,143,5415,48,"I haven't felt good all week",6,"I have feel good all week","pro:sub aux v adj qn n","MOT",NA,"Grandmother",3276,107.790714388386,NA,"female","imperative_emphatic",NA,NA,NA,3,"Eng-NA",8,"eng","HSLLD"
"365",1841094,3286,144,5415,48,"Dav David David doesn't feel good",6,"David do feel good","n:prop mod v adj","MOT",NA,"Grandmother",3276,107.790714388386,NA,"female","declarative",NA,NA,NA,3,"Eng-NA",6,"eng","HSLLD"
"366",1841117,3286,145,5415,48,"he's sick",2,"he sick","pro:sub adj","MOT",NA,"Grandmother",3276,107.790714388386,NA,"female","declarative",NA,NA,NA,3,"Eng-NA",3,"eng","HSLLD"
"367",1841129,3286,146,5415,48,"he has got the stomach thing was going around",9,"he have get the stomach thing be go around","pro:sub aux part det:art n n aux part adv","MOT",NA,"Grandmother",3276,107.790714388386,NA,"female","declarative",NA,NA,NA,3,"Eng-NA",14,"eng","HSLLD"
"368",1841163,3286,147,5415,48,"he has been throwing up and diarrhea",7,"he have be throw up and diarrhea","pro:sub aux aux part adv coord n","MOT",NA,"Grandmother",3276,107.790714388386,NA,"female","declarative",NA,NA,NA,3,"Eng-NA",10,"eng","HSLLD"
"369",1841205,3286,149,5415,48,"go out and play with Cou xxx",7,"go out and play with Cou","v adv coord n prep n:prop","MOT",NA,"Grandmother",3276,107.790714388386,NA,"female","declarative",NA,NA,NA,3,"Eng-NA",6,"eng","HSLLD"
